<?xml version="1.0" encoding="UTF-8"?>
<configuration>
  <appender name="STDOUT" class="ch.qos.logback.core.ConsoleAppender">
    <encoder>
      <pattern>%d{HH:mm:ss.SSS} [%thread] %-5level %logger{36} - %msg%n</pattern>
    </encoder>
  </appender>

  <!--
  <appender name="FILE" class="ch.qos.logback.core.FileAppender">
    <file>gitbucket.log</file>
    <encoder>
      <pattern>%d{HH:mm:ss.SSS} [%thread] %-5level %logger{36} - %msg%n</pattern>
    </encoder>
  </appender>
  -->

  <root level="INFO">
    <appender-ref ref="STDOUT" />
  </root>

  <!--
  <logger name="service.WebHookService" level="DEBUG" />
  <logger name="servlet" level="DEBUG" />
  <logger name="scala.slick.jdbc.JdbcBackend.statement" level="DEBUG" />
  -->

</configuration>