@(activities: List[gitbucket.core.model.Activity])(implicit context: gitbucket.core.controller.Context)<?xml version="1.0" encoding="UTF-8"?>
@import gitbucket.core.view.helpers
<feed xmlns="http://www.w3.org/2005/Atom" xmlns:media="http://search.yahoo.com/mrss/" xml:lang="en-US">
  <id>tag:@context.host,2013:gitbucket</id>
  <title>GitBucket's activities</title>
  <link type="application/atom+xml" rel="self" href="@context.baseUrl/activities.atom"/>
  <author>
    <name>GitBucket</name>
    <uri>@context.baseUrl</uri>
  </author>
  <updated>@helpers.datetimeRFC3339(if(activities.isEmpty) new java.util.Date else activities.map(_.activityDate).max)</updated>
  @activities.map { activity =>
  <entry>
    <id>tag:@context.host,@helpers.date(activity.activityDate):activity:@activity.activityId</id>
    <published>@helpers.datetimeRFC3339(activity.activityDate)</published>
    <updated>@helpers.datetimeRFC3339(activity.activityDate)</updated>
    <link type="text/html" rel="alternate" href="@context.baseUrl/@activity.userName/@activity.repositoryName" />
    <title type="html">@helpers.removeHtml(helpers.activityMessage(activity.message))</title>
    <author>
      <name>@activity.activityUserName</name>
      <uri>@helpers.url(activity.activityUserName)</uri>
    </author>
    <content type="html">@helpers.activityMessage(activity.message)</content>
  </entry>
  }
</feed>
